network,campaign,adgroup,small_cohort,ostype,nb_device_id,per_fb_homescreen,per_fb_search,per_fb_view_listing,per_fb_view_product,per_add_to_cart,per_guest_sale,per_sale,per_ios,per_nc
Organic,0,0,2016-04-01,android,23396,0.999016926,0.567319199863224,0.570396648999829,0.662762865447085,0.158916054026329,0.0268421952470508,0.022311506240383,0,0.046418191
Organic,0,0,2016-04-01,ios,3681,0.9997283347,0.567508829122521,0.741646291768541,0.589785384406411,0.171420809562619,0.0258082042923119,0.0323281716924749,1,0.055148058
Mobvista,App_Generic,441_9216ab2940fd8b81,2016-04-01,ios,1271,0.5444531865,0.274586939417781,0.372147915027537,0.293469708890637,0.0983477576711251,0.020456333595594,0.017309205350118,1,0.04563336
Mobvista,App_Generic,441_98be175f18ff1211,2016-04-01,android,1879,0.381053752,0.226716338477914,0.20223523150612,0.258648217136775,0.0596061734965407,0.0069185737094199,0.00957956359765833,0,0.031399681
Mobvista,App_Generic,441_db31e0a485a2b6c7,2016-04-01,ios,307,0.4885993485,0.267100977198697,0.335504885993485,0.257328990228013,0.0553745928338762,0.0130293159609121,0.00651465798045603,1,0.035830619
Mobvista,App_Generic,6473_f4cdc16bc778d6e5,2016-04-01,android,234,0.8632478632,0.196581196581197,0.367521367521368,0.277777777777778,0.0769230769230769,0.00854700854700855,0.00854700854700855,0,0.017094017
InMobi,App_Native,1090,2016-04-01,android,891,0.7362514029,0.228956228956229,0.24354657687991,0.260381593714927,0.0527497194163861,0.00785634118967452,0.00336700336700337,0,0.019079686
InMobi,App_Native,1170,2016-04-01,android,848,0.9799528302,0.477594339622642,0.438679245283019,0.509433962264151,0.133254716981132,0.0141509433962264,0.00825471698113208,0,0.02004717
InMobi,App_Native,1452879973491727,2016-04-01,android,11602,0.7384933632,0.391139458714015,0.522927081537666,0.53645923116704,0.13851060162041,0.0337872780555077,0.00939493190829167,0,0.055076711
InMobi,App_Native,1453932492790355,2016-04-01,android,1362,0.7143906021,0.398678414096916,0.505873715124816,0.538179148311307,0.131424375917768,0.039647577092511,0.0154185022026432,0,0.062408223
InMobi,App_Native,2014,2016-04-01,android,309,0.9870550162,0.40453074433657,0.459546925566343,0.472491909385113,0.110032362459547,0.029126213592233,0.0129449838187702,0,0.035598706
InMobi,App_Native,3541,2016-04-01,android,1110,0.9342342342,0.331531531531532,0.481981981981982,0.500900900900901,0.126126126126126,0.0378378378378378,0.00720720720720721,0,0.051351351
InMobi,App_Native,3563,2016-04-01,android,1341,0.6868008949,0.250559284116331,0.296047725577927,0.302013422818792,0.0753169276659209,0.0141685309470544,0.00671140939597315,0,0.035794183
BBM,ID_PaidAppInstall,SponsoredUpdate,2016-04-01,android,4243,0.6057035117,0.287296724016026,0.419750176761725,0.422814046665095,0.104878623615366,0.0285175583313693,0.00683478670751827,0,0.054442611
BBM,ID_PaidAppInstall,SponsoredUpdate,2016-04-01,ios,989,0.7593528817,0.400404448938322,0.616784630940344,0.506572295247725,0.143579373104146,0.038422649140546,0.0121334681496461,1,0.076845298
Mobvista SDK,ID_Traffic_Placement,441,2016-04-01,android,861,0.9976771196,0.557491289198606,0.644599303135889,0.700348432055749,0.180023228803717,0.0301974448315912,0.016260162601626,0,0.045296167
Mobvista SDK,ID_Traffic_Placement,441_0d399929b9a355b7,2016-04-01,android,277,0.7472924188,0.411552346570397,0.44043321299639,0.523465703971119,0.176895306859206,0.0252707581227437,0.0180505415162455,0,0.057761733
Mobvista SDK,ID_Traffic_Placement,441_6ae2e6c404abc284,2016-04-01,android,2463,0.4827446204,0.276898091758019,0.321965083231831,0.342265529841657,0.0852618757612667,0.0186764108810394,0.00812017864393017,0,0.051969143
Mobvista SDK,ID_Traffic_Placement,441_93960d5fb44e9016,2016-04-01,android,496,0.4657258065,0.191532258064516,0.215725806451613,0.217741935483871,0.0403225806451613,0.00201612903225806,0,0,0.012096774
Mobvista SDK,ID_Traffic_Placement,441_98be175f18ff1211,2016-04-01,android,1047,0,0,0,0,0,0,0,0,0.019102197
Mobvista SDK,ID_Traffic_Placement,441_dcacc2b04bdf831e,2016-04-01,android,662,0.9577039275,0.58761329305136,0.583081570996979,0.654078549848943,0.145015105740181,0.0377643504531722,0.0211480362537764,0,0.069486405
Taptica,Traffic_Placement,1381228,2016-04-01,android,750,0.6653333333,0.338666666666667,0.358666666666667,0.406666666666667,0.0986666666666667,0.0133333333333333,0.00533333333333333,0,0.037333333
Taptica,Traffic_Placement,1410882,2016-04-01,android,528,0.9772727273,0.40719696969697,0.625,0.496212121212121,0.231060606060606,0.0208333333333333,0.0132575757575758,0,0.043560606
Taptica,Traffic_Placement,1410882,2016-04-01,ios,282,0.9645390071,0.297872340425532,0.528368794326241,0.322695035460993,0.0638297872340425,0.0106382978723404,0.00354609929078014,1,0.017730496
Taptica,Traffic_Placement,1476585,2016-04-01,android,407,0.6486486486,0.285012285012285,0.326781326781327,0.363636363636364,0.125307125307125,0.0417690417690418,0.00737100737100737,0,0.049140049
Taptica,Traffic_Placement,1476816,2016-04-01,android,1517,0.9901120633,0.478576137112722,0.559657218193804,0.581410678971655,0.147659854976928,0.021753460777851,0.010547132498352,0,0.040870138
Taptica,Traffic_Placement,839080,2016-04-01,android,378,0.9947089947,0.343915343915344,0.378306878306878,0.420634920634921,0.0899470899470899,0.00264550264550265,0.00793650793650794,0,0.015873016
Organic,0,0,2016-04-04,android,21459,0.9988815881,0.549699426813924,0.558413719185423,0.638799571275456,0.147490563399972,0.0268884850179412,0.0257700731627755,0,0.047812107
Organic,0,0,2016-04-04,ios,3341,0.9997006884,0.607901825800658,0.78299910206525,0.612990122717749,0.185573181682131,0.0320263394193355,0.0353187668362766,1,0.059563005
Mobvista,App_Generic,441_9216ab2940fd8b81,2016-04-04,ios,1004,0.5428286853,0.279880478087649,0.364541832669323,0.27191235059761,0.0866533864541833,0.0159362549800797,0.0179282868525896,1,0.03685259
Mobvista,App_Generic,441_98be175f18ff1211,2016-04-04,android,1939,0.4780814853,0.265085095410005,0.263537906137184,0.316658071170707,0.0794223826714801,0.0159876224858174,0.0134089736977824,0,0.031459515
Mobvista,App_Generic,441_db31e0a485a2b6c7,2016-04-04,ios,271,0.4612546125,0.265682656826568,0.328413284132841,0.276752767527675,0.0627306273062731,0.003690036900369,0.00738007380073801,1,0.029520295
Mobvista,App_Generic,6404_895d69c5ed316358,2016-04-04,android,294,0.731292517,0.227891156462585,0.41156462585034,0.316326530612245,0.136054421768707,0.00340136054421769,0,0,0.003401361
Mobvista,App_Generic,6404_a9732767cb7d5f56,2016-04-04,android,290,0.7862068966,0.258620689655172,0.4,0.320689655172414,0.158620689655172,0.0103448275862069,0,0,0.027586207
Mobvista,App_Generic,6404_abdfab4488f20142,2016-04-04,android,285,0.7438596491,0.273684210526316,0.389473684210526,0.308771929824561,0.12280701754386,0.0175438596491228,0.0105263157894737,0,0.028070175
Mobvista,App_Generic,6404_e165ad5ea8e9c41c,2016-04-04,android,255,0.7254901961,0.247058823529412,0.368627450980392,0.305882352941176,0.129411764705882,0.00392156862745098,0,0,0.003921569
Mobvista,App_Generic,6404_eabf176351ca5098,2016-04-04,android,238,0.7100840336,0.273109243697479,0.369747899159664,0.277310924369748,0.126050420168067,0.00420168067226891,0.00420168067226891,0,0.025210084
Mobvista,App_Generic,6998_4b6d72dbb269b561,2016-04-04,android,323,0.8761609907,0.173374613003096,0.402476780185758,0.284829721362229,0.0773993808049536,0.0154798761609907,0.00309597523219814,0,0.024767802
Mobvista,App_Generic,6998_6da0fdc213913622,2016-04-04,android,342,0.9093567251,0.192982456140351,0.453216374269006,0.342105263157895,0.0847953216374269,0.0204678362573099,0,0,0.038011696
Mobvista,App_Generic,6998_b907c79431f2544f,2016-04-04,android,361,0.8864265928,0.193905817174515,0.443213296398892,0.335180055401662,0.0470914127423823,0.0110803324099723,0,0,0.016620499
Mobvista,App_Generic,6998_cd91418538c6d901,2016-04-04,android,377,0.875331565,0.172413793103448,0.397877984084881,0.297082228116711,0.0689655172413793,0.013262599469496,0.0026525198938992,0,0.021220159
Mobvista,App_Generic,6998_d8274e53c12d5975,2016-04-04,android,333,0.8888888889,0.165165165165165,0.444444444444444,0.306306306306306,0.0600600600600601,0.018018018018018,0.00600600600600601,0,0.027027027
Mobvista,App_Generic,7363_e4da3b7fbbce2345,2016-04-04,android,206,0.9174757282,0.174757281553398,0.485436893203884,0.330097087378641,0.0922330097087379,0.0194174757281553,0,0,0.029126214
Mobvista,App_Generic,7957_45c48cce2e2d7fbd,2016-04-04,android,203,0.9310344828,0.152709359605911,0.438423645320197,0.280788177339901,0.103448275862069,0.0197044334975369,0,0,0.034482759
Mobvista,App_Generic,7957_c0c7c76d30bd3dca,2016-04-04,android,235,0.9276595745,0.195744680851064,0.463829787234043,0.285106382978723,0.0425531914893617,0.00425531914893617,0.00851063829787234,0,0.021276596
InMobi,App_Native,1072,2016-04-04,android,301,0.8438538206,0.219269102990033,0.289036544850498,0.27906976744186,0.053156146179402,0.00664451827242525,0.00332225913621262,0,0.026578073
InMobi,App_Native,1090,2016-04-04,android,2492,0.8972712681,0.256019261637239,0.425361155698234,0.373595505617978,0.0626003210272873,0.00882825040128411,0.00521669341894061,0,0.022070626
InMobi,App_Native,1170,2016-04-04,android,555,0.9837837838,0.497297297297297,0.497297297297297,0.538738738738739,0.115315315315315,0.0216216216216216,0.0162162162162162,0,0.030630631
InMobi,App_Native,1452879973491727,2016-04-04,android,12478,0.7413046963,0.388203237698349,0.516108350697227,0.519474274723513,0.122615803814714,0.0271678153550248,0.0109793236095528,0,0.054816477
InMobi,App_Native,1453932492790355,2016-04-04,android,1658,0.7195416164,0.407720144752714,0.505428226779252,0.538600723763571,0.133896260554885,0.0301568154402895,0.0156815440289505,0,0.056091677
InMobi,App_Native,3541,2016-04-04,android,1244,0.963022508,0.331993569131833,0.47427652733119,0.467041800643087,0.114951768488746,0.0257234726688103,0.0128617363344051,0,0.038585209
InMobi,App_Native,3563,2016-04-04,android,1193,0.6186085499,0.227996647108131,0.275775356244761,0.282481139983236,0.0762782900251467,0.010896898575021,0.00670578373847443,0,0.018440905
IronSource,ID_App_Generic,CMC_PB37482_49372,2016-04-04,android,525,0.9619047619,0.43047619047619,0.468571428571429,0.48952380952381,0.118095238095238,0.0133333333333333,0.0133333333333333,0,0.034285714
IronSource,ID_App_Generic,CMC_PB37482_54433,2016-04-04,android,334,0.7215568862,0.221556886227545,0.341317365269461,0.344311377245509,0.101796407185629,0.0269461077844311,0.0029940119760479,0,0.041916168
IronSource,ID_App_Generic,CMC_PB45942_1147,2016-04-04,android,272,0.9852941176,0.257352941176471,0.316176470588235,0.319852941176471,0.0882352941176471,0.0110294117647059,0.00735294117647059,0,0.025735294
BBM,ID_PaidAppInstall,SponsoredUpdate,2016-04-04,android,4111,0.5957188032,0.268304548771588,0.398686450985162,0.39576745317441,0.089759182680613,0.0201897348576989,0.00632449525662856,0,0.047433714
BBM,ID_PaidAppInstall,SponsoredUpdate,2016-04-04,ios,805,0.8099378882,0.422360248447205,0.638509316770186,0.501863354037267,0.135403726708075,0.022360248447205,0.00993788819875776,1,0.040993789
Mobvista SDK,ID_Traffic_Placement,441,2016-04-04,android,370,1,0.554054054054054,0.632432432432432,0.67027027027027,0.181081081081081,0.0486486486486487,0.0108108108108108,0,0.056756757
Mobvista SDK,ID_Traffic_Placement,441_0d399929b9a355b7,2016-04-04,android,247,0.7408906883,0.331983805668016,0.465587044534413,0.433198380566802,0.11336032388664,0.0283400809716599,0.0161943319838057,0,0.072874494
Mobvista SDK,ID_Traffic_Placement,441_6ae2e6c404abc284,2016-04-04,android,2831,0.5167785235,0.288237371953373,0.333097845284352,0.344048039561992,0.0858353938537619,0.0201342281879195,0.0120098904980572,0,0.043447545
Mobvista SDK,ID_Traffic_Placement,441_93960d5fb44e9016,2016-04-04,android,531,0.4369114878,0.167608286252354,0.190207156308851,0.224105461393597,0.0583804143126177,0.0150659133709981,0.00564971751412429,0,0.024482109
Mobvista SDK,ID_Traffic_Placement,441_98be175f18ff1211,2016-04-04,android,1323,0.0786092215,0.0453514739229025,0.0476190476190476,0.054421768707483,0.0105820105820106,0.00151171579743008,0.00151171579743008,0,0.024943311
Mobvista SDK,ID_Traffic_Placement,441_dcacc2b04bdf831e,2016-04-04,android,656,0.9695121951,0.516768292682927,0.576219512195122,0.605182926829268,0.164634146341463,0.0259146341463415,0.0121951219512195,0,0.044207317
Art of Click,Traffic_Placement,1092_3506,2016-04-04,android,230,0.8217391304,0.18695652173913,0.208695652173913,0.182608695652174,0.0347826086956522,0.0130434782608696,0,0,0.026086957
Taptica,Traffic_Placement,1381228,2016-04-04,android,765,0.6705882353,0.335947712418301,0.364705882352941,0.397385620915033,0.100653594771242,0.0222222222222222,0.0117647058823529,0,0.043137255
Taptica,Traffic_Placement,1410882,2016-04-04,android,236,0.9830508475,0.436440677966102,0.567796610169492,0.466101694915254,0.258474576271186,0.0127118644067797,0.0254237288135593,0,0.025423729
Taptica,Traffic_Placement,1476585,2016-04-04,android,468,0.6196581197,0.235042735042735,0.262820512820513,0.299145299145299,0.0662393162393162,0.0106837606837607,0.00213675213675214,0,0.019230769
Taptica,Traffic_Placement,1476816,2016-04-04,android,1162,0.9974182444,0.502581755593804,0.580034423407917,0.583476764199656,0.142857142857143,0.0275387263339071,0.0120481927710843,0,0.04130809
Amobee,Web_Native,0,2016-04-04,ios,340,0.9647058824,0.214705882352941,0.45,0.232352941176471,0.0441176470588235,0.00588235294117647,0.00294117647058824,1,0.017647059
Organic,0,0,2016-04-07,android,21755,0.9988968053,0.538129165709032,0.548609515054011,0.625419443806022,0.150034474833372,0.0236267524706964,0.0238106182486785,0,0.04343829
Organic,0,0,2016-04-07,ios,3483,0.9994257824,0.573356302038473,0.749354005167959,0.61068044788975,0.175997703129486,0.0344530577088717,0.0312948607522251,1,0.059718633
IronSource,App_Generic,0,2016-04-07,android,203,0.3054187192,0.103448275862069,0.16256157635468,0.133004926108374,0.0492610837438424,0.00492610837438424,0.00492610837438424,0,0.02955665
Mobvista,App_Generic,14_ae1d2c2d957a01dc,2016-04-07,android,206,0.9805825243,0.310679611650485,0.383495145631068,0.378640776699029,0.0922330097087379,0.00970873786407767,0.00970873786407767,0,0.029126214
Mobvista,App_Generic,441_6ae2e6c404abc284,2016-04-07,android,354,0.0028248588,0.00282485875706215,0.00282485875706215,0.00282485875706215,0,0,0,0,0.016949153
Mobvista,App_Generic,441_9216ab2940fd8b81,2016-04-07,ios,1119,0.5040214477,0.235924932975871,0.341376228775693,0.264521894548704,0.0714924039320822,0.0196604110813226,0.00983020554066131,1,0.058087578
Mobvista,App_Generic,441_98be175f18ff1211,2016-04-07,android,1843,0.4416711883,0.255018990775909,0.239826370048833,0.285946825827455,0.0651112316874661,0.00813890396093326,0.00813890396093326,0,0.028214867
Mobvista,App_Generic,441_db31e0a485a2b6c7,2016-04-07,ios,279,0.4659498208,0.272401433691756,0.372759856630824,0.279569892473118,0.0824372759856631,0,0.00716845878136201,1,0.021505376
Mobvista,App_Generic,6404_895d69c5ed316358,2016-04-07,android,794,0.895465995,0.308564231738035,0.46095717884131,0.392947103274559,0.187657430730479,0.0151133501259446,0.00377833753148615,0,0.020151134
Mobvista,App_Generic,6404_a9732767cb7d5f56,2016-04-07,android,755,0.898013245,0.291390728476821,0.488741721854305,0.380132450331126,0.170860927152318,0.00927152317880795,0.00397350993377483,0,0.029139073
Mobvista,App_Generic,6404_abdfab4488f20142,2016-04-07,android,774,0.8837209302,0.299741602067183,0.471576227390181,0.355297157622739,0.158914728682171,0.0155038759689922,0.0116279069767442,0,0.021963824
Mobvista,App_Generic,6404_e165ad5ea8e9c41c,2016-04-07,android,763,0.8846657929,0.307994757536042,0.44954128440367,0.36697247706422,0.162516382699869,0.00524246395806029,0.0131061598951507,0,0.020969856
Mobvista,App_Generic,6404_eabf176351ca5098,2016-04-07,android,700,0.8728571429,0.282857142857143,0.458571428571429,0.332857142857143,0.147142857142857,0.00428571428571429,0.00857142857142857,0,0.021428571
Mobvista,App_Generic,6981_45c48cce2e2d7fbd,2016-04-07,android,336,0.9196428571,0.208333333333333,0.50297619047619,0.336309523809524,0.0773809523809524,0.00595238095238095,0.00595238095238095,0,0.020833333
Mobvista,App_Generic,6981_c0c7c76d30bd3dca,2016-04-07,android,974,0.9332648871,0.195071868583162,0.47741273100616,0.342915811088296,0.093429158110883,0.0174537987679671,0.00410677618069815,0,0.028747433
Mobvista,App_Generic,6998_4b6d72dbb269b561,2016-04-07,android,414,0.8888888889,0.173913043478261,0.454106280193237,0.342995169082126,0.0772946859903382,0.0144927536231884,0,0,0.028985507
Mobvista,App_Generic,6998_6da0fdc213913622,2016-04-07,android,362,0.8756906077,0.187845303867403,0.455801104972376,0.325966850828729,0.0718232044198895,0.00276243093922652,0.00828729281767956,0,0.033149171
Mobvista,App_Generic,6998_b907c79431f2544f,2016-04-07,android,360,0.8638888889,0.133333333333333,0.461111111111111,0.327777777777778,0.05,0.0111111111111111,0,0,0.016666667
Mobvista,App_Generic,6998_cd91418538c6d901,2016-04-07,android,361,0.9085872576,0.174515235457064,0.476454293628809,0.32409972299169,0.0831024930747922,0.0110803324099723,0.00277008310249307,0,0.016620499
Mobvista,App_Generic,6998_d8274e53c12d5975,2016-04-07,android,361,0.8975069252,0.207756232686981,0.45983379501385,0.343490304709141,0.0692520775623269,0.0138504155124654,0.00277008310249307,0,0.019390582
Mobvista,App_Generic,7363_45c48cce2e2d7fbd,2016-04-07,android,504,0.8492063492,0.14484126984127,0.422619047619048,0.325396825396825,0.0833333333333333,0.0138888888888889,0.00595238095238095,0,0.023809524
Mobvista,App_Generic,7363_e4da3b7fbbce2345,2016-04-07,android,293,0.9385665529,0.21160409556314,0.508532423208191,0.361774744027304,0.0716723549488055,0.00341296928327645,0.00341296928327645,0,0.023890785
InMobi,App_Native,1072,2016-04-07,android,670,0.9417910448,0.308955223880597,0.374626865671642,0.376119402985075,0.0880597014925373,0.017910447761194,0.0104477611940299,0,0.025373134
InMobi,App_Native,1090,2016-04-07,android,3073,0.9192971038,0.282134721770257,0.44126260982753,0.394728278555158,0.0715912788805727,0.00813537260006508,0.00553205336804426,0,0.021802799
InMobi,App_Native,1170,2016-04-07,android,214,0.9392523364,0.331775700934579,0.439252336448598,0.448598130841121,0.116822429906542,0.0420560747663551,0,0,0.037383178
InMobi,App_Native,1452879973491727,2016-04-07,android,12511,0.7339141555,0.367196866757254,0.49804172328351,0.492926224922069,0.126688514107585,0.0240588282311566,0.00863240348493326,0,0.048437375
InMobi,App_Native,1453932492790355,2016-04-07,android,1746,0.6798396334,0.361397479954181,0.425544100801833,0.465635738831615,0.11454753722795,0.0229095074455899,0.0154639175257732,0,0.053264605
InMobi,App_Native,3541,2016-04-07,android,303,0.99669967,0.293729372937294,0.438943894389439,0.399339933993399,0.108910891089109,0.0264026402640264,0.0066006600660066,0,0.02970297
InMobi,App_Native,3563,2016-04-07,android,969,0.5572755418,0.220846233230134,0.240454076367389,0.283797729618163,0.0639834881320949,0.0103199174406605,0.0123839009287926,0,0.026831785
InMobi,App_Native,3745,2016-04-07,android,202,0.004950495,0,0.00495049504950495,0,0,0,0,0,0.014851485
InMobi,App_Native,4125,2016-04-07,android,293,0.6894197952,0.266211604095563,0.450511945392491,0.368600682593857,0.0955631399317406,0.0273037542662116,0,0,0.037542662
IronSource,ID_App_Generic,CMC_PB37482_49372,2016-04-07,android,1012,0.9891304348,0.436758893280632,0.439723320158103,0.470355731225296,0.110671936758893,0.0187747035573123,0.00197628458498024,0,0.020750988
IronSource,ID_App_Generic,CMC_PB37482_54433,2016-04-07,android,509,0.8349705305,0.239685658153242,0.363457760314342,0.359528487229862,0.0923379174852652,0.0176817288801572,0.00589390962671906,0,0.023575639
IronSource,ID_App_Generic,CMC_PB45942_1147,2016-04-07,android,374,0.9973262032,0.22192513368984,0.254010695187166,0.24331550802139,0.0561497326203209,0.00802139037433155,0,0,0.00802139
Motive,ID_App_Native,68332,2016-04-07,android,215,0.4,0.153488372093023,0.223255813953488,0.213953488372093,0.0511627906976744,0,0,0,0.018604651
BBM,ID_PaidAppInstall,SponsoredUpdate,2016-04-07,android,4249,0.588844434,0.259355142386444,0.388797364085667,0.371381501529772,0.0889621087314662,0.0197693574958814,0.00658978583196046,0,0.048011297
BBM,ID_PaidAppInstall,SponsoredUpdate,2016-04-07,ios,502,0.764940239,0.390438247011952,0.599601593625498,0.458167330677291,0.117529880478088,0.0318725099601594,0.00597609561752988,1,0.055776892
Mobvista SDK,ID_Traffic_Placement,441_0d399929b9a355b7,2016-04-07,android,261,0.7318007663,0.306513409961686,0.444444444444444,0.448275862068966,0.0957854406130268,0.0153256704980843,0,0,0.030651341
Mobvista SDK,ID_Traffic_Placement,441_6ae2e6c404abc284,2016-04-07,android,3062,0.5323318093,0.268451992161986,0.332789026779882,0.340627041149575,0.0894839973873285,0.0169823644676682,0.00783801436969301,0,0.03821032
Mobvista SDK,ID_Traffic_Placement,441_93960d5fb44e9016,2016-04-07,android,572,0.4527972028,0.164335664335664,0.171328671328671,0.187062937062937,0.0576923076923077,0.00524475524475524,0.0034965034965035,0,0.019230769
Mobvista SDK,ID_Traffic_Placement,441_98be175f18ff1211,2016-04-07,android,1657,0.2426071213,0.131563065781533,0.132770066385033,0.146650573325287,0.0368135184067592,0.00663850331925166,0.00844900422450211,0,0.035003018
Mobvista SDK,ID_Traffic_Placement,441_dcacc2b04bdf831e,2016-04-07,android,795,0.9610062893,0.477987421383648,0.525786163522013,0.554716981132075,0.145911949685535,0.0226415094339623,0.0213836477987421,0,0.047798742
Art of Click,Traffic_Placement,1092_2920,2016-04-07,android,200,0.98,0.32,0.385,0.36,0.03,0,0.01,0,0.005
Art of Click,Traffic_Placement,2435_80,2016-04-07,android,1016,0.9881889764,0.298228346456693,0.490157480314961,0.446850393700787,0.0679133858267717,0.0127952755905512,0.00590551181102362,0,0.023622047
Taptica,Traffic_Placement,1381228,2016-04-07,android,689,0.6211901306,0.30188679245283,0.352685050798258,0.37155297532656,0.0928882438316401,0.0145137880986938,0.0159651669085631,0,0.04934688
Taptica,Traffic_Placement,1410882,2016-04-07,ios,241,0.9875518672,0.348547717842324,0.514522821576763,0.33195020746888,0.0622406639004149,0.004149377593361,0.004149377593361,1,0.01659751
Taptica,Traffic_Placement,1476585,2016-04-07,android,504,0.5694444444,0.156746031746032,0.218253968253968,0.214285714285714,0.0317460317460317,0.00198412698412698,0,0,0.001984127
Taptica,Traffic_Placement,1476816,2016-04-07,android,646,0.9984520124,0.509287925696594,0.623839009287926,0.636222910216718,0.164086687306502,0.0247678018575851,0.0278637770897833,0,0.037151703
Organic,0,0,2016-04-10,android,20465,0.99887613,0.537649645736624,0.549132665526509,0.61397507940386,0.143415587588566,0.0228194478377718,0.0263376496457366,0,0.04119228
Organic,0,0,2016-04-10,ios,3562,1,0.58422234699607,0.743964065131948,0.598259404828748,0.171252105558675,0.0286355979786637,0.0266704098820887,1,0.057551937
IronSource,App_Generic,0,2016-04-10,android,448,0.7075892857,0.194196428571429,0.359375,0.310267857142857,0.09375,0.0223214285714286,0.00223214285714286,0,0.037946429
Mobvista,App_Generic,14_ae1d2c2d957a01dc,2016-04-10,android,283,0.961130742,0.363957597173145,0.416961130742049,0.45583038869258,0.0954063604240283,0.0176678445229682,0.0106007067137809,0,0.024734982
Mobvista,App_Generic,333_56468d5607a5aaf1,2016-04-10,android,490,0.7632653061,0.224489795918367,0.471428571428571,0.340816326530612,0.13265306122449,0.0102040816326531,0.0102040816326531,0,0.032653061
Mobvista,App_Generic,441_6ae2e6c404abc284,2016-04-10,android,587,0.0017035775,0,0.00170357751277683,0.00170357751277683,0,0,0,0,0.015332198
Mobvista,App_Generic,441_9216ab2940fd8b81,2016-04-10,ios,1026,0.5116959064,0.266081871345029,0.365497076023392,0.278752436647173,0.0935672514619883,0.0146198830409357,0.0126705653021442,1,0.045808967
Mobvista,App_Generic,441_98be175f18ff1211,2016-04-10,android,1617,0.3630179344,0.213976499690785,0.203463203463203,0.218923933209648,0.0531849103277675,0.00556586270871985,0.00618429189857761,0,0.03030303
Mobvista,App_Generic,441_db31e0a485a2b6c7,2016-04-10,ios,268,0.4962686567,0.305970149253731,0.399253731343284,0.309701492537313,0.108208955223881,0.0149253731343284,0.0298507462686567,1,0.048507463
Mobvista,App_Generic,6404_895d69c5ed316358,2016-04-10,android,962,0.9147609148,0.316008316008316,0.467775467775468,0.384615384615385,0.152806652806653,0.0145530145530146,0.00831600831600832,0,0.031185031
Mobvista,App_Generic,6404_a9732767cb7d5f56,2016-04-10,android,991,0.9091826438,0.302724520686176,0.502522704339051,0.375378405650858,0.178607467204844,0.0110998990918264,0.00605449041372351,0,0.019172553
Mobvista,App_Generic,6404_abdfab4488f20142,2016-04-10,android,958,0.9008350731,0.352818371607516,0.517745302713987,0.422755741127349,0.208768267223382,0.011482254697286,0.00835073068893528,0,0.021920668
Mobvista,App_Generic,6404_e165ad5ea8e9c41c,2016-04-10,android,888,0.8975225225,0.311936936936937,0.484234234234234,0.388513513513513,0.198198198198198,0.0146396396396396,0.00675675675675676,0,0.027027027
Mobvista,App_Generic,6404_eabf176351ca5098,2016-04-10,android,938,0.907249467,0.295309168443497,0.49680170575693,0.375266524520256,0.165245202558635,0.0127931769722814,0.00533049040511727,0,0.02771855
Mobvista,App_Generic,6981_45c48cce2e2d7fbd,2016-04-10,android,287,0.9547038328,0.212543554006969,0.571428571428571,0.379790940766551,0.101045296167247,0.00696864111498258,0.00696864111498258,0,0.020905923
Mobvista,App_Generic,6981_c0c7c76d30bd3dca,2016-04-10,android,1033,0.9690222652,0.23136495643756,0.539206195546951,0.380445304937076,0.0900290416263311,0.0135527589545015,0.000968054211035818,0,0.026137464
Mobvista,App_Generic,7363_45c48cce2e2d7fbd,2016-04-10,android,1128,0.9193262411,0.185283687943262,0.50886524822695,0.349290780141844,0.0611702127659574,0.00886524822695036,0.00265957446808511,0,0.020390071
Mobvista,App_Generic,7363_e4da3b7fbbce2345,2016-04-10,android,233,0.9399141631,0.218884120171674,0.536480686695279,0.330472103004292,0.0858369098712446,0.0128755364806867,0,0,0.030042918
InMobi,App_Native,1072,2016-04-10,android,715,0.9566433566,0.311888111888112,0.362237762237762,0.34965034965035,0.0741258741258741,0.00979020979020979,0.00839160839160839,0,0.01958042
InMobi,App_Native,1090,2016-04-10,android,2945,0.9344651952,0.27911714770798,0.450254668930391,0.39830220713073,0.066553480475382,0.00950764006791171,0.00441426146010187,0,0.021731749
InMobi,App_Native,1170,2016-04-10,android,410,0.9902439024,0.35609756097561,0.424390243902439,0.414634146341463,0.107317073170732,0.0121951219512195,0.0048780487804878,0,0.02195122
InMobi,App_Native,1452879973491727,2016-04-10,android,13533,0.6329712554,0.317150668735683,0.432498337397473,0.416611246582428,0.103450823911919,0.0173649597280721,0.00997561516293505,0,0.046626764
InMobi,App_Native,1453932320649080,2016-04-10,android,205,0.5658536585,0.326829268292683,0.360975609756098,0.380487804878049,0.0926829268292683,0.00975609756097561,0.0195121951219512,0,0.024390244
InMobi,App_Native,1453932492790355,2016-04-10,android,1931,0.5561885034,0.306576903158985,0.381149663386846,0.396685655100984,0.0963231486276541,0.016053858104609,0.0129466597617815,0,0.051786639
InMobi,App_Native,3563,2016-04-10,android,895,0.5452513966,0.224581005586592,0.29608938547486,0.300558659217877,0.0793296089385475,0.0201117318435754,0.0100558659217877,0,0.033519553
InMobi,App_Native,3745,2016-04-10,android,239,0.280334728,0.0753138075313808,0.125523012552301,0.112970711297071,0.0334728033472803,0,0,0,0.025104603
InMobi,App_Native,4125,2016-04-10,android,505,0.8237623762,0.316831683168317,0.479207920792079,0.423762376237624,0.140594059405941,0.0178217821782178,0.0158415841584158,0,0.033663366
IronSource,ID_App_Generic,CMC_PB37482_49372,2016-04-10,android,972,0.987654321,0.475308641975309,0.459876543209877,0.497942386831276,0.140946502057613,0.0246913580246914,0.0051440329218107,0,0.034979424
IronSource,ID_App_Generic,CMC_PB37482_54433,2016-04-10,android,330,0.8454545455,0.245454545454545,0.327272727272727,0.3,0.0818181818181818,0.0181818181818182,0.00606060606060606,0,0.024242424
IronSource,ID_App_Generic,CMC_PB49276,2016-04-10,android,264,0.9659090909,0.242424242424242,0.564393939393939,0.443181818181818,0.053030303030303,0.00378787878787879,0,0,0.011363636
Motive,ID_App_Native,68332,2016-04-10,android,457,0.7177242888,0.358862144420131,0.452954048140044,0.466083150984683,0.105032822757112,0.0196936542669584,0.0153172866520788,0,0.037199125
BBM,ID_PaidAppInstall,SponsoredUpdate,2016-04-10,android,3527,0.5880351574,0.249503827615537,0.389566203572441,0.365749929118231,0.0754182024383329,0.0138928267649561,0.00652112276722427,0,0.039977318
BBM,ID_PaidAppInstall,SponsoredUpdate,2016-04-10,ios,351,0.6894586895,0.299145299145299,0.512820512820513,0.356125356125356,0.122507122507123,0.0199430199430199,0.00854700854700855,1,0.042735043
Mobvista SDK,ID_Traffic_Placement,441_0d399929b9a355b7,2016-04-10,android,240,0.7291666667,0.345833333333333,0.408333333333333,0.4375,0.125,0.0208333333333333,0.00833333333333333,0,0.029166667
Mobvista SDK,ID_Traffic_Placement,441_6ae2e6c404abc284,2016-04-10,android,2842,0.5467980296,0.274102744546094,0.341660802251935,0.346938775510204,0.0925404644616467,0.0147783251231527,0.00844475721323012,0,0.040816327
Mobvista SDK,ID_Traffic_Placement,441_93960d5fb44e9016,2016-04-10,android,501,0.4730538922,0.137724550898204,0.169660678642715,0.173652694610778,0.0499001996007984,0.0119760479041916,0.00199600798403194,0,0.021956088
Mobvista SDK,ID_Traffic_Placement,441_98be175f18ff1211,2016-04-10,android,1847,0.3687060097,0.218733080671359,0.210070384407147,0.231727125067677,0.0611802923659989,0.0092041147807255,0.00595560368164591,0,0.030319437
Mobvista SDK,ID_Traffic_Placement,441_dcacc2b04bdf831e,2016-04-10,android,679,0.9617083947,0.4860088365243,0.580265095729013,0.589101620029455,0.157584683357879,0.0235640648011782,0.0117820324005891,0,0.044182622
Taptica,Traffic_Placement,1381228,2016-04-10,android,594,0.632996633,0.303030303030303,0.297979797979798,0.338383838383838,0.0673400673400673,0.0117845117845118,0.00673400673400673,0,0.026936027
Taptica,Traffic_Placement,1476585,2016-04-10,android,486,0.6810699588,0.224279835390947,0.281893004115226,0.292181069958848,0.0699588477366255,0.01440329218107,0.0102880658436214,0,0.030864198
Organic,0,0,2016-04-13,android,21516,0.9986056888,0.531464956311582,0.568786019706265,0.631855363450455,0.148958914296338,0.0247722625023239,0.0362520914668154,0,0.046755903
Organic,0,0,2016-04-13,ios,4291,1,0.545094383593568,0.724539734327662,0.585644371941272,0.202749941738522,0.028431601025402,0.0414821719878816,1,0.059193661
IronSource,App_Generic,0,2016-04-13,android,666,0.6906906907,0.184684684684685,0.358858858858859,0.288288288288288,0.0735735735735736,0.00750750750750751,0.00600600600600601,0,0.025525526
Mobvista,App_Generic,333_56468d5607a5aaf1,2016-04-13,android,387,0.7105943152,0.248062015503876,0.41343669250646,0.328165374677003,0.0775193798449612,0.0180878552971576,0.0129198966408269,0,0.046511628
Mobvista,App_Generic,441_6ae2e6c404abc284,2016-04-13,android,1002,0.000998004,0,0,0.000998003992015968,0,0,0,0,0.018962076
Mobvista,App_Generic,441_9216ab2940fd8b81,2016-04-13,ios,1157,0.5350043215,0.307692307692308,0.410544511668107,0.329299913569576,0.12618841832325,0.017286084701815,0.0302506482281763,1,0.069144339
Mobvista,App_Generic,441_98be175f18ff1211,2016-04-13,android,2034,0.2959685349,0.169616519174041,0.169124877089479,0.190757128810226,0.0417895771878073,0.00688298918387414,0.00835791543756145,0,0.029990167
Mobvista,App_Generic,441_db31e0a485a2b6c7,2016-04-13,ios,329,0.5167173252,0.297872340425532,0.404255319148936,0.340425531914894,0.115501519756839,0.0060790273556231,0.0212765957446809,1,0.036474164
Mobvista,App_Generic,6404_895d69c5ed316358,2016-04-13,android,930,0.9172043011,0.316129032258064,0.476344086021505,0.387096774193548,0.165591397849462,0.0139784946236559,0.0129032258064516,0,0.021505376
Mobvista,App_Generic,6404_a9732767cb7d5f56,2016-04-13,android,889,0.9066366704,0.321709786276715,0.464566929133858,0.389201349831271,0.140607424071991,0.0168728908886389,0.00224971878515186,0,0.015748031
Mobvista,App_Generic,6404_abdfab4488f20142,2016-04-13,android,831,0.9133574007,0.293622141997593,0.486161251504212,0.385078219013237,0.134777376654633,0.0192539109506619,0.00601684717208183,0,0.031287605
Mobvista,App_Generic,6404_e165ad5ea8e9c41c,2016-04-13,android,911,0.9001097695,0.300768386388584,0.472008781558727,0.392974753018661,0.145993413830955,0.0109769484083425,0.00987925356750823,0,0.021953897
Mobvista,App_Generic,6404_eabf176351ca5098,2016-04-13,android,831,0.9265944645,0.28158844765343,0.504211793020457,0.395908543922984,0.134777376654633,0.01323706377858,0.0120336943441637,0,0.024067389
Mobvista,App_Generic,6981_c0c7c76d30bd3dca,2016-04-13,android,530,0.9301886792,0.183018867924528,0.490566037735849,0.330188679245283,0.0547169811320755,0.00943396226415094,0.00377358490566038,0,0.016981132
Mobvista,App_Generic,6998_4b6d72dbb269b561,2016-04-13,android,200,0.715,0.195,0.38,0.285,0.065,0.01,0.01,0,0.04
Mobvista,App_Generic,7363_45c48cce2e2d7fbd,2016-04-13,android,1500,0.9673333333,0.202666666666667,0.528,0.343333333333333,0.0506666666666667,0.0113333333333333,0.004,0,0.024
Mobvista,App_Generic,7363_e4da3b7fbbce2345,2016-04-13,android,259,0.9498069498,0.239382239382239,0.494208494208494,0.38996138996139,0.0617760617760618,0.0115830115830116,0.00386100386100386,0,0.027027027
Mobvista,App_Generic,7363_eccbc87e4b5ce2fe,2016-04-13,android,357,0.9355742297,0.168067226890756,0.473389355742297,0.338935574229692,0.0756302521008403,0.0112044817927171,0,0,0.019607843
Mobvista,App_Generic,7957_c0c7c76d30bd3dca,2016-04-13,android,368,0.9320652174,0.160326086956522,0.491847826086957,0.347826086956522,0.0380434782608696,0.00815217391304348,0.00271739130434783,0,0.013586957
InMobi,App_Native,1072,2016-04-13,android,661,0.9773071104,0.284417549167927,0.355521936459909,0.296520423600605,0.0605143721633888,0.0151285930408472,0.0075642965204236,0,0.028744327
InMobi,App_Native,1090,2016-04-13,android,2831,0.9311197457,0.284705051218651,0.461674320028259,0.406923348640057,0.0635817732250088,0.00847756976333451,0.00565171317555634,0,0.017661604
InMobi,App_Native,1452879973491727,2016-04-13,android,22826,0.7870410935,0.365679488302813,0.567992639971962,0.562866906159643,0.115745202838868,0.0324629808113555,0.0132743362831858,0,0.059143082
InMobi,App_Native,1452880178577456,2016-04-13,ios,478,0.6820083682,0.343096234309623,0.564853556485356,0.4581589958159,0.156903765690377,0.0188284518828452,0.0125523012552301,1,0.060669456
InMobi,App_Native,1453932320649080,2016-04-13,android,318,0.6761006289,0.311320754716981,0.430817610062893,0.449685534591195,0.0943396226415094,0.0157232704402516,0.0377358490566038,0,0.047169811
InMobi,App_Native,1453932492790355,2016-04-13,android,2631,0.6875712657,0.371721778791334,0.495629038388445,0.507411630558723,0.112124667426834,0.0197643481565945,0.0262257696693273,0,0.051311288
InMobi,App_Native,2014,2016-04-13,android,372,0.9758064516,0.387096774193548,0.489247311827957,0.505376344086022,0.0967741935483871,0.0161290322580645,0.0188172043010753,0,0.018817204
InMobi,App_Native,3563,2016-04-13,android,1120,0.5982142857,0.21875,0.270535714285714,0.271428571428571,0.0571428571428571,0.0133928571428571,0.00535714285714286,0,0.028571429
InMobi,App_Native,3745,2016-04-13,android,435,0.3885057471,0.147126436781609,0.195402298850575,0.193103448275862,0.0551724137931034,0.00229885057471264,0.00919540229885057,0,0.020689655
InMobi,App_Native,4125,2016-04-13,android,668,0.9326347305,0.338323353293413,0.538922155688623,0.534431137724551,0.0988023952095808,0.0239520958083832,0.0104790419161677,0,0.035928144
InMobi,App_Native,{affiliate_id},2016-04-13,android,757,0.8652575958,0.317040951122853,0.401585204755614,0.3778071334214,0.0752972258916777,0.011889035667107,0.00792602377807133,0,0.026420079
IronSource,ID_App_Generic,CMC_PB37482_49372,2016-04-13,android,434,0.9861751152,0.407834101382488,0.433179723502304,0.456221198156682,0.131336405529954,0.0138248847926267,0.0207373271889401,0,0.043778802
IronSource,ID_App_Generic,CMC_PB37482_54433,2016-04-13,android,273,0.8534798535,0.256410256410256,0.362637362637363,0.36996336996337,0.0659340659340659,0.010989010989011,0.00732600732600733,0,0.014652015
IronSource,ID_App_Generic,CMC_PB41845_210805863,2016-04-13,android,301,0.9169435216,0.315614617940199,0.534883720930233,0.488372093023256,0.116279069767442,0.0465116279069767,0.00664451827242525,0,0.056478405
Motive,ID_App_Native,68332,2016-04-13,android,645,0.7209302326,0.310077519379845,0.431007751937985,0.418604651162791,0.0930232558139535,0.0170542635658915,0.0186046511627907,0,0.03255814
BBM,ID_PaidAppInstall,SponsoredUpdate,2016-04-13,android,4068,0.4309242871,0.177974434611603,0.275565388397247,0.265240904621436,0.048180924287119,0.0135201573254671,0.00270403146509341,0,0.036381514
BBM,ID_PaidAppInstall,SponsoredUpdate,2016-04-13,ios,321,0.5264797508,0.186915887850467,0.398753894080997,0.264797507788162,0.059190031152648,0.00934579439252336,0.00311526479750779,1,0.043613707
Mobvista SDK,ID_Traffic_Placement,441_0d399929b9a355b7,2016-04-13,android,260,0.7115384615,0.353846153846154,0.426923076923077,0.407692307692308,0.0961538461538462,0.0153846153846154,0.0115384615384615,0,0.026923077
Mobvista SDK,ID_Traffic_Placement,441_6ae2e6c404abc284,2016-04-13,android,3129,0.548098434,0.269734739533397,0.348034515819751,0.342281879194631,0.0885266858421221,0.0223713646532438,0.0118248641738575,0,0.04506232
Mobvista SDK,ID_Traffic_Placement,441_93960d5fb44e9016,2016-04-13,android,553,0.47920434,0.173598553345389,0.227848101265823,0.229656419529837,0.0524412296564195,0.0126582278481013,0.00904159132007233,0,0.028933092
Mobvista SDK,ID_Traffic_Placement,441_98be175f18ff1211,2016-04-13,android,2392,0.4209866221,0.235785953177258,0.240802675585284,0.275501672240803,0.0610367892976589,0.00877926421404682,0.0146321070234114,0,0.036789298
Mobvista SDK,ID_Traffic_Placement,441_dcacc2b04bdf831e,2016-04-13,android,668,0.9745508982,0.440119760479042,0.591317365269461,0.574850299401198,0.115269461077844,0.029940119760479,0.0179640718562874,0,0.03742515
Taptica,Traffic_Placement,1296739,2016-04-13,android,278,1,0.579136690647482,0.618705035971223,0.694244604316547,0.201438848920863,0.0251798561151079,0.0287769784172662,0,0.057553957
Taptica,Traffic_Placement,1381228,2016-04-13,android,652,0.5444785276,0.233128834355828,0.274539877300614,0.29601226993865,0.053680981595092,0.0122699386503067,0.00766871165644172,0,0.042944785
Taptica,Traffic_Placement,1476585,2016-04-13,android,729,0.768175583,0.238683127572016,0.373113854595336,0.345679012345679,0.0713305898491084,0.0123456790123457,0.00823045267489712,0,0.041152263
Taptica,Traffic_Placement,861520,2016-04-13,android,517,0.5589941973,0.150870406189555,0.272727272727273,0.224371373307544,0.0812379110251451,0.0193423597678917,0,0,0.032882012
Organic,0,0,2016-04-16,android,19596,0.9985201061,0.541028781383956,0.554807103490508,0.622473974280465,0.130128597672994,0.0244437640334762,0.0316901408450704,0,0.043018983
Organic,0,0,2016-04-16,ios,4671,0.9995718262,0.463070006422608,0.595161635624063,0.475487047741383,0.155213016484693,0.0207664311710554,0.0318989509740955,1,0.041746949
IronSource,App_Generic,0,2016-04-16,android,481,0.6632016632,0.187110187110187,0.374220374220374,0.297297297297297,0.0769230769230769,0.0124740124740125,0,0,0.03950104
Mobvista,App_Generic,192_a2fe8c05877ec786,2016-04-16,android,228,0.9429824561,0.271929824561404,0.37719298245614,0.298245614035088,0.0219298245614035,0,0,0,0.013157895
Mobvista,App_Generic,333_56468d5607a5aaf1,2016-04-16,android,308,0.6655844156,0.266233766233766,0.383116883116883,0.363636363636364,0.0876623376623377,0.0227272727272727,0,0,0.022727273
Mobvista,App_Generic,441_6ae2e6c404abc284,2016-04-16,android,1211,0.0008257638,0,0.000825763831544178,0.000825763831544178,0,0,0,0,0.022295623
Mobvista,App_Generic,441_9216ab2940fd8b81,2016-04-16,ios,1075,0.543255814,0.301395348837209,0.390697674418605,0.32,0.101395348837209,0.013953488372093,0.0195348837209302,1,0.03627907
Mobvista,App_Generic,441_98be175f18ff1211,2016-04-16,android,1931,0.2708441222,0.138788192646297,0.158467115484205,0.164163645779389,0.0398757120662869,0.00466079751424133,0.00569653029518384,0,0.032107716
Mobvista,App_Generic,441_db31e0a485a2b6c7,2016-04-16,ios,283,0.5088339223,0.289752650176678,0.378091872791519,0.300353356890459,0.0812720848056537,0.00706713780918728,0.0212014134275618,1,0.067137809
Mobvista,App_Generic,6404_895d69c5ed316358,2016-04-16,android,801,0.8913857678,0.289637952559301,0.459425717852684,0.369538077403246,0.129837702871411,0.0124843945068664,0.00873907615480649,0,0.026217228
Mobvista,App_Generic,6404_a9732767cb7d5f56,2016-04-16,android,727,0.9160935351,0.302613480055021,0.475928473177442,0.378266850068776,0.137551581843191,0.0165061898211829,0.00275103163686382,0,0.027510316
Mobvista,App_Generic,6404_abdfab4488f20142,2016-04-16,android,741,0.8893387314,0.259109311740891,0.442645074224022,0.349527665317139,0.124156545209177,0.0107962213225371,0.00539811066126856,0,0.018893387
Mobvista,App_Generic,6404_e165ad5ea8e9c41c,2016-04-16,android,778,0.9177377892,0.314910025706941,0.469151670951157,0.38560411311054,0.134961439588689,0.0179948586118252,0.006426735218509,0,0.033419023
Mobvista,App_Generic,6404_eabf176351ca5098,2016-04-16,android,792,0.9078282828,0.319444444444444,0.503787878787879,0.391414141414141,0.123737373737374,0.0138888888888889,0.00378787878787879,0,0.016414141
Mobvista,App_Generic,6981_aab3238922bcc25a,2016-04-16,android,443,0.9571106095,0.169300225733634,0.483069977426637,0.334085778781038,0.0406320541760722,0.0090293453724605,0.00677200902934537,0,0.015801354
Mobvista,App_Generic,6981_c0c7c76d30bd3dca,2016-04-16,android,464,0.9698275862,0.226293103448276,0.53448275862069,0.351293103448276,0.0581896551724138,0.00862068965517241,0.00646551724137931,0,0.012931034
Mobvista,App_Generic,6998_4b6d72dbb269b561,2016-04-16,android,294,0.8401360544,0.200680272108844,0.445578231292517,0.326530612244898,0.0578231292517007,0.0102040816326531,0,0,0.027210884
Mobvista,App_Generic,6998_6da0fdc213913622,2016-04-16,android,263,0.783269962,0.163498098859316,0.448669201520913,0.315589353612167,0.0608365019011407,0.0114068441064639,0.00760456273764259,0,0.007604563
Mobvista,App_Generic,6998_b907c79431f2544f,2016-04-16,android,275,0.8145454545,0.167272727272727,0.44,0.341818181818182,0.0654545454545455,0.0218181818181818,0,0,0.014545455
Mobvista,App_Generic,6998_cd91418538c6d901,2016-04-16,android,290,0.8413793103,0.172413793103448,0.444827586206897,0.324137931034483,0.0689655172413793,0.0103448275862069,0.00344827586206897,0,0.024137931
Mobvista,App_Generic,6998_d8274e53c12d5975,2016-04-16,android,283,0.8409893993,0.144876325088339,0.441696113074205,0.328621908127208,0.0600706713780919,0.0141342756183746,0.00706713780918728,0,0.042402827
Mobvista,App_Generic,7363_45c48cce2e2d7fbd,2016-04-16,android,201,0.8855721393,0.17910447761194,0.467661691542289,0.298507462686567,0.0597014925373134,0.0248756218905473,0,0,0.034825871
Mobvista,App_Generic,7728_628400686d2929e1,2016-04-16,android,201,0.9402985075,0.189054726368159,0.417910447761194,0.288557213930348,0.0298507462686567,0.00995024875621891,0,0,0.039800995
Mobvista,App_Generic,7957_aab3238922bcc25a,2016-04-16,android,442,0.943438914,0.203619909502262,0.48868778280543,0.33710407239819,0.0520361990950226,0.0158371040723982,0.00452488687782805,0,0.022624434
Mobvista,App_Generic,7957_c0c7c76d30bd3dca,2016-04-16,android,517,0.9845261122,0.222437137330754,0.543520309477756,0.41779497098646,0.0599613152804642,0.0135396518375242,0,0,0.01934236
InMobi,App_Native,1072,2016-04-16,android,594,0.9781144781,0.237373737373737,0.336700336700337,0.279461279461279,0.0622895622895623,0.00505050505050505,0.00336700336700337,0,0.013468013
InMobi,App_Native,1090,2016-04-16,android,2739,0.9412194231,0.277473530485579,0.470244614822928,0.406717780211756,0.0624315443592552,0.00985761226725082,0.00620664476086163,0,0.024096386
InMobi,App_Native,1452879973491727,2016-04-16,android,20623,0.8251951704,0.394074576928672,0.576977161421714,0.56727925132134,0.109440915482713,0.0337972166998012,0.0120738980749648,0,0.057072201
InMobi,App_Native,1452880178577456,2016-04-16,ios,748,0.8663101604,0.459893048128342,0.692513368983957,0.581550802139037,0.200534759358289,0.0347593582887701,0.0294117647058824,1,0.064171123
InMobi,App_Native,1453932320649080,2016-04-16,android,347,0.7694524496,0.409221902017291,0.510086455331412,0.556195965417867,0.118155619596542,0.0230547550432277,0.0288184438040346,0,0.043227666
InMobi,App_Native,1453932492790355,2016-04-16,android,2623,0.7502859321,0.39344262295082,0.519634006862371,0.543652306519253,0.103698055661456,0.0263057567670606,0.0202058711399161,0,0.054517728
InMobi,App_Native,2014,2016-04-16,android,620,0.9935483871,0.441935483870968,0.451612903225806,0.466129032258065,0.111290322580645,0.00967741935483871,0.00967741935483871,0,0.025806452
InMobi,App_Native,3563,2016-04-16,android,1160,0.6844827586,0.252586206896552,0.314655172413793,0.319827586206897,0.0551724137931034,0.0112068965517241,0.00517241379310345,0,0.030172414
InMobi,App_Native,3745,2016-04-16,android,382,0.4005235602,0.159685863874346,0.159685863874346,0.175392670157068,0.0287958115183246,0,0.00523560209424084,0,0.020942408
InMobi,App_Native,4125,2016-04-16,android,801,0.9600499376,0.368289637952559,0.541822721598002,0.526841448189763,0.106117353308365,0.0262172284644195,0.0162297128589263,0,0.04494382
InMobi,App_Native,{affiliate_id},2016-04-16,android,865,0.8150289017,0.295953757225434,0.33757225433526,0.331791907514451,0.0635838150289017,0.00809248554913295,0.00578034682080925,0,0.013872832
IronSource,ID_App_Generic,CMC_PB41845_203837555,2016-04-16,android,210,1,0.457142857142857,0.428571428571429,0.49047619047619,0.114285714285714,0.0238095238095238,0.00476190476190476,0,0.038095238
Motive,ID_App_Native,68332,2016-04-16,android,404,0.9702970297,0.472772277227723,0.596534653465347,0.589108910891089,0.123762376237624,0.0495049504950495,0.0099009900990099,0,0.061881188
BBM,ID_PaidAppInstall,SponsoredUpdate,2016-04-16,android,3777,0.306063013,0.12549642573471,0.186920836642838,0.178713264495631,0.0283293619274557,0.00635424940428912,0.00555996822875298,0,0.035477893
BBM,ID_PaidAppInstall,SponsoredUpdate,2016-04-16,ios,348,0.367816092,0.14367816091954,0.25,0.181034482758621,0.0459770114942529,0.0028735632183908,0,1,0.025862069
Mobvista SDK,ID_Traffic_Placement,441_6ae2e6c404abc284,2016-04-16,android,2649,0.5670064175,0.272178180445451,0.346168365420914,0.343148357870895,0.0728576821442054,0.0154775386938467,0.0128350320875802,0,0.045300113
Mobvista SDK,ID_Traffic_Placement,441_93960d5fb44e9016,2016-04-16,android,482,0.4460580913,0.139004149377593,0.188796680497925,0.190871369294606,0.04149377593361,0.0103734439834025,0.00622406639004149,0,0.01659751
Mobvista SDK,ID_Traffic_Placement,441_98be175f18ff1211,2016-04-16,android,2242,0.5294380018,0.288581623550401,0.289473684210526,0.330508474576271,0.0749330954504906,0.008028545941124,0.0147190008920607,0,0.034790366
Mobvista SDK,ID_Traffic_Placement,441_dcacc2b04bdf831e,2016-04-16,android,645,0.9705426357,0.449612403100775,0.51937984496124,0.531782945736434,0.136434108527132,0.0403100775193798,0.0186046511627907,0,0.04496124
Taptica,Traffic_Placement,1296739,2016-04-16,android,269,1,0.576208178438662,0.635687732342007,0.669144981412639,0.148698884758364,0.033457249070632,0.0223048327137546,0,0.048327138
Taptica,Traffic_Placement,1381228,2016-04-16,android,599,0.6427378965,0.277128547579299,0.310517529215359,0.333889816360601,0.0667779632721202,0.00667779632721202,0.010016694490818,0,0.026711185
Taptica,Traffic_Placement,1476585,2016-04-16,android,956,0.8734309623,0.242677824267782,0.402719665271967,0.400627615062762,0.0805439330543933,0.0292887029288703,0.0115062761506276,0,0.033472803
Taptica,Traffic_Placement,861520,2016-04-16,android,720,0.7625,0.2,0.368055555555556,0.316666666666667,0.0722222222222222,0.0166666666666667,0.00277777777777778,0,0.026388889
Organic,0,0,2016-04-19,android,18098,0.9981213394,0.521880870814455,0.527130069620953,0.599569013150624,0.108796552105205,0.0235385125428224,0.0251961542711902,0,0.042822411
Organic,0,0,2016-04-19,ios,5191,0.9998073589,0.341360046233866,0.445193604315161,0.355230206125987,0.112117125794645,0.0159892120978617,0.023116933153535,1,0.032363706
IronSource,App_Generic,0,2016-04-19,android,487,0.636550308,0.137577002053388,0.305954825462012,0.246406570841889,0.0451745379876797,0.0164271047227926,0.00410677618069815,0,0.034907598
Mobvista,App_Generic,333_56468d5607a5aaf1,2016-04-19,android,222,0.5405405405,0.189189189189189,0.27027027027027,0.274774774774775,0.0405405405405405,0,0.0045045045045045,0,0.027027027
Mobvista,App_Generic,441_6ae2e6c404abc284,2016-04-19,android,1244,0.001607717,0.00160771704180064,0.00160771704180064,0.000803858520900322,0,0,0,0,0.020096463
Mobvista,App_Generic,441_9216ab2940fd8b81,2016-04-19,ios,920,0.5467391304,0.297826086956522,0.4,0.301086956521739,0.102173913043478,0.016304347826087,0.0152173913043478,1,0.059782609
Mobvista,App_Generic,441_98be175f18ff1211,2016-04-19,android,1852,0.3228941685,0.172246220302376,0.168466522678186,0.188444924406048,0.0340172786177106,0.00539956803455724,0.00215982721382289,0,0.026457883
Mobvista,App_Generic,441_db31e0a485a2b6c7,2016-04-19,ios,271,0.5645756458,0.324723247232472,0.409594095940959,0.309963099630996,0.0627306273062731,0.003690036900369,0.018450184501845,1,0.036900369
Mobvista,App_Generic,6404_895d69c5ed316358,2016-04-19,android,618,0.9158576052,0.29126213592233,0.48705501618123,0.37378640776699,0.124595469255663,0.00647249190938511,0.00809061488673139,0,0.025889968
Mobvista,App_Generic,6404_a9732767cb7d5f56,2016-04-19,android,652,0.9033742331,0.271472392638037,0.447852760736196,0.348159509202454,0.0996932515337423,0.0122699386503067,0.00766871165644172,0,0.01993865
Mobvista,App_Generic,6404_abdfab4488f20142,2016-04-19,android,646,0.9148606811,0.295665634674923,0.493808049535604,0.402476780185758,0.123839009287926,0.0139318885448916,0.00619195046439629,0,0.027863777
Mobvista,App_Generic,6404_e165ad5ea8e9c41c,2016-04-19,android,608,0.9177631579,0.299342105263158,0.481907894736842,0.358552631578947,0.113486842105263,0.0148026315789474,0.00822368421052632,0,0.023026316
Mobvista,App_Generic,6404_eabf176351ca5098,2016-04-19,android,664,0.9156626506,0.308734939759036,0.474397590361446,0.375,0.114457831325301,0.016566265060241,0.00602409638554217,0,0.027108434
Mobvista,App_Generic,6981_aab3238922bcc25a,2016-04-19,android,347,0.9740634006,0.204610951008646,0.492795389048991,0.331412103746398,0.0576368876080692,0.00576368876080692,0.00576368876080692,0,0.014409222
Mobvista,App_Generic,6998_4b6d72dbb269b561,2016-04-19,android,309,0.8608414239,0.229773462783172,0.466019417475728,0.333333333333333,0.0485436893203883,0.0161812297734628,0.00647249190938511,0,0.022653722
Mobvista,App_Generic,6998_6da0fdc213913622,2016-04-19,android,267,0.8277153558,0.187265917602996,0.408239700374532,0.292134831460674,0.0411985018726592,0.0149812734082397,0,0,0.018726592
Mobvista,App_Generic,6998_b907c79431f2544f,2016-04-19,android,289,0.8823529412,0.221453287197232,0.460207612456747,0.325259515570934,0.0657439446366782,0.0173010380622837,0.0069204152249135,0,0.024221453
Mobvista,App_Generic,6998_cd91418538c6d901,2016-04-19,android,264,0.8522727273,0.181818181818182,0.382575757575758,0.265151515151515,0.0265151515151515,0.0113636363636364,0.00378787878787879,0,0.018939394
Mobvista,App_Generic,6998_d8274e53c12d5975,2016-04-19,android,277,0.8772563177,0.209386281588448,0.314079422382672,0.306859205776173,0.0505415162454874,0.0180505415162455,0.0072202166064982,0,0.036101083
Mobvista,App_Generic,7363_45c48cce2e2d7fbd,2016-04-19,android,205,0.843902439,0.219512195121951,0.4,0.302439024390244,0.0487804878048781,0.0048780487804878,0,0,0.024390244
Mobvista,App_Generic,7957_aab3238922bcc25a,2016-04-19,android,348,0.9597701149,0.169540229885057,0.517241379310345,0.376436781609195,0.0431034482758621,0.00574712643678161,0.00574712643678161,0,0.00862069
Mobvista,App_Generic,8277,2016-04-19,android,275,0.8472727273,0.181818181818182,0.4,0.250909090909091,0.04,0.0109090909090909,0,0,0.025454545
InMobi,App_Native,1072,2016-04-19,android,428,0.9906542056,0.219626168224299,0.301401869158879,0.268691588785047,0.044392523364486,0.00233644859813084,0.00233644859813084,0,0.011682243
InMobi,App_Native,1090,2016-04-19,android,2741,0.9518423933,0.291134622400584,0.488507843852609,0.438161255016417,0.0554542137905874,0.00839109813936519,0.00437796424662532,0,0.020065669
InMobi,App_Native,1452879973491727,2016-04-19,android,16209,0.8576716639,0.419088160898266,0.561910049972238,0.572151273983589,0.0964896045406873,0.0279474366092911,0.00925411808254673,0,0.057684003
InMobi,App_Native,1452880178577456,2016-04-19,ios,537,0.9404096834,0.532588454376164,0.791433891992551,0.633147113594041,0.175046554934823,0.031657355679702,0.00931098696461825,1,0.055865922
InMobi,App_Native,1453932320649080,2016-04-19,android,269,0.8252788104,0.379182156133829,0.472118959107807,0.505576208178439,0.0780669144981413,0.0260223048327138,0.0260223048327138,0,0.040892193
InMobi,App_Native,1453932492790355,2016-04-19,android,1976,0.7955465587,0.420546558704453,0.52580971659919,0.554655870445344,0.0946356275303644,0.0227732793522267,0.013663967611336,0,0.048076923
InMobi,App_Native,2014,2016-04-19,android,272,0.9963235294,0.459558823529412,0.444852941176471,0.466911764705882,0.106617647058824,0.0147058823529412,0.00735294117647059,0,0.036764706
InMobi,App_Native,3563,2016-04-19,android,1218,0.73727422,0.264367816091954,0.334975369458128,0.325944170771757,0.0706075533661741,0.0090311986863711,0.00985221674876847,0,0.02134647
InMobi,App_Native,3745,2016-04-19,android,353,0.3796033994,0.121813031161473,0.172804532577904,0.175637393767705,0.0169971671388102,0.0028328611898017,0.0028328611898017,0,0.033994334
InMobi,App_Native,4125,2016-04-19,android,477,0.964360587,0.335429769392034,0.50314465408805,0.505241090146751,0.0880503144654088,0.0188679245283019,0.00838574423480084,0,0.035639413
InMobi,App_Native,{affiliate_id},2016-04-19,android,875,0.7851428571,0.249142857142857,0.312,0.308571428571429,0.0537142857142857,0.00914285714285714,0.00685714285714286,0,0.014857143
Motive,ID_App_Native,68332,2016-04-19,android,691,0.989869754,0.502170767004341,0.613603473227207,0.616497829232996,0.0998552821997106,0.0274963820549928,0.0101302460202605,0,0.040520984
BBM,ID_PaidAppInstall,SponsoredUpdate,2016-04-19,android,3946,0.2878864673,0.119614799797263,0.185250886974151,0.174607197161683,0.0304105423213381,0.00861632032437912,0.00228079067410035,0,0.036492651
BBM,ID_PaidAppInstall,SponsoredUpdate,2016-04-19,ios,381,0.5144356955,0.272965879265092,0.393700787401575,0.320209973753281,0.102362204724409,0.0236220472440945,0.0131233595800525,1,0.049868766
Mobvista SDK,ID_Traffic_Placement,441_0d399929b9a355b7,2016-04-19,android,210,0.5761904762,0.247619047619048,0.366666666666667,0.323809523809524,0.0571428571428571,0.0142857142857143,0.00952380952380952,0,0.038095238
Mobvista SDK,ID_Traffic_Placement,441_6ae2e6c404abc284,2016-04-19,android,2220,0.6252252252,0.313063063063063,0.371171171171171,0.381531531531532,0.0725225225225225,0.0189189189189189,0.0117117117117117,0,0.047747748
Mobvista SDK,ID_Traffic_Placement,441_93960d5fb44e9016,2016-04-19,android,469,0.5437100213,0.170575692963753,0.189765458422175,0.200426439232409,0.0277185501066098,0.00426439232409382,0,0,0.034115139
Mobvista SDK,ID_Traffic_Placement,441_98be175f18ff1211,2016-04-19,android,1756,0.6292710706,0.345671981776765,0.328587699316629,0.387813211845102,0.0700455580865604,0.0130979498861048,0.0142369020501139,0,0.032460137
Mobvista SDK,ID_Traffic_Placement,441_dcacc2b04bdf831e,2016-04-19,android,498,0.983935743,0.475903614457831,0.528112449799197,0.56425702811245,0.104417670682731,0.0200803212851406,0.0120481927710843,0,0.042168675
Taptica,Traffic_Placement,1381228,2016-04-19,android,494,0.6578947368,0.325910931174089,0.336032388663968,0.380566801619433,0.0850202429149798,0.0161943319838057,0.0182186234817814,0,0.038461538
Taptica,Traffic_Placement,1476585,2016-04-19,android,908,0.8711453744,0.26431718061674,0.351321585903084,0.332599118942731,0.0638766519823789,0.0165198237885463,0.00881057268722467,0,0.033039648
Taptica,Traffic_Placement,861520,2016-04-19,android,1037,0.8177434908,0.224686595949855,0.389585342333655,0.329797492767599,0.0810028929604629,0.0135004821600771,0.0038572806171649,0,0.023143684
Organic,0,0,2016-04-22,android,20230,0.9985664854,0.526297577854671,0.534354918437963,0.620662382600099,0.109589718240237,0.0264458724666337,0.0228373702422145,0,0.04760257
Organic,0,0,2016-04-22,ios,4810,1,0.406237006237006,0.523700623700624,0.411850311850312,0.115800415800416,0.0182952182952183,0.0191268191268191,1,0.037422037
IronSource,App_Generic,0,2016-04-22,android,619,0.6413570275,0.189014539579968,0.302100161550889,0.295638126009693,0.0387722132471729,0.012924071082391,0.00484652665589661,0,0.037156704
Mobvista,App_Generic,192_59eb5dd36914c29b,2016-04-22,android,200,0.92,0.3,0.33,0.395,0.06,0.01,0.005,0,0.03
Mobvista,App_Generic,333_56468d5607a5aaf1,2016-04-22,android,295,0.6169491525,0.24406779661017,0.349152542372881,0.322033898305085,0.088135593220339,0.00338983050847458,0,0,0.027118644
Mobvista,App_Generic,441_0d399929b9a355b7,2016-04-22,android,247,0.5141700405,0.230769230769231,0.327935222672065,0.315789473684211,0.0526315789473684,0.0364372469635627,0.00809716599190283,0,0.076923077
Mobvista,App_Generic,441_6ae2e6c404abc284,2016-04-22,android,1409,0,0,0,0,0,0,0,0,0.027679205
Mobvista,App_Generic,441_9216ab2940fd8b81,2016-04-22,ios,1010,0.5821782178,0.278217821782178,0.401980198019802,0.299009900990099,0.1,0.0217821782178218,0.0128712871287129,1,0.056435644
Mobvista,App_Generic,441_98be175f18ff1211,2016-04-22,android,2147,0.4788076386,0.250582207731719,0.251979506287843,0.290638099673964,0.047973917093619,0.0121099208197485,0.00931532370749884,0,0.036795529
Mobvista,App_Generic,441_db31e0a485a2b6c7,2016-04-22,ios,251,0.5657370518,0.302788844621514,0.398406374501992,0.278884462151394,0.099601593625498,0.0159362549800797,0.0119521912350598,1,0.071713147
Mobvista,App_Generic,6404_895d69c5ed316358,2016-04-22,android,670,0.9,0.307462686567164,0.471641791044776,0.397014925373134,0.156716417910448,0.0104477611940299,0.00597014925373134,0,0.019402985
Mobvista,App_Generic,6404_a9732767cb7d5f56,2016-04-22,android,628,0.928343949,0.323248407643312,0.5,0.374203821656051,0.125796178343949,0.0159235668789809,0.0111464968152866,0,0.02866242
Mobvista,App_Generic,6404_abdfab4488f20142,2016-04-22,android,709,0.9069111425,0.328631875881523,0.517630465444288,0.38787023977433,0.141043723554302,0.00987306064880113,0.00846262341325811,0,0.023977433
Mobvista,App_Generic,6404_e165ad5ea8e9c41c,2016-04-22,android,643,0.9097978227,0.304821150855365,0.505443234836703,0.40746500777605,0.119751166407465,0.00777604976671851,0.0046656298600311,0,0.01244168
Mobvista,App_Generic,6404_eabf176351ca5098,2016-04-22,android,626,0.9121405751,0.335463258785943,0.480830670926518,0.394568690095847,0.135782747603834,0.0191693290734824,0.00798722044728434,0,0.031948882
Mobvista,App_Generic,6473_2a706a36d59e55d6,2016-04-22,android,211,0.9763033175,0.161137440758294,0.436018957345972,0.364928909952607,0.042654028436019,0.004739336492891,0.004739336492891,0,0.014218009
Mobvista,App_Generic,6473_934dc4883b2d9910,2016-04-22,android,208,0.9807692308,0.182692307692308,0.524038461538462,0.379807692307692,0.0480769230769231,0.00961538461538462,0,0,0.024038462
Mobvista,App_Generic,6473_f4cdc16bc778d6e5,2016-04-22,android,217,0.9861751152,0.170506912442396,0.566820276497696,0.387096774193548,0.0645161290322581,0.0184331797235023,0,0,0.032258065
Mobvista,App_Generic,6998_4b6d72dbb269b561,2016-04-22,android,228,0.8552631579,0.192982456140351,0.429824561403509,0.355263157894737,0.0526315789473684,0.0087719298245614,0.0043859649122807,0,0.01754386
Mobvista,App_Generic,6998_6da0fdc213913622,2016-04-22,android,212,0.858490566,0.235849056603774,0.443396226415094,0.344339622641509,0.0471698113207547,0.0235849056603774,0,0,0.04245283
Mobvista,App_Generic,6998_b907c79431f2544f,2016-04-22,android,240,0.8541666667,0.204166666666667,0.4,0.25,0.0416666666666667,0.0125,0,0,0.020833333
Mobvista,App_Generic,6998_cd91418538c6d901,2016-04-22,android,253,0.8577075099,0.158102766798419,0.379446640316206,0.300395256916996,0.0395256916996047,0.00395256916996047,0,0,0.011857708
Mobvista,App_Generic,6998_d8274e53c12d5975,2016-04-22,android,242,0.8347107438,0.148760330578512,0.429752066115702,0.309917355371901,0.0495867768595041,0.012396694214876,0.012396694214876,0,0.02892562
Mobvista,App_Generic,7363_45c48cce2e2d7fbd,2016-04-22,android,431,0.9373549884,0.22969837587007,0.496519721577726,0.368909512761021,0.037122969837587,0.00696055684454756,0.00464037122969838,0,0.016241299
Mobvista,App_Generic,8277,2016-04-22,android,1234,0.989465154,0.201782820097245,0.482171799027553,0.340356564019449,0.0510534846029173,0.00891410048622366,0.00243111831442464,0,0.020259319
Mobvista,App_Generic,8342_1ba3aeef9b48a023,2016-04-22,android,201,0.3980099502,0.0696517412935323,0.189054726368159,0.119402985074627,0.00995024875621891,0.00497512437810945,0,0,0.029850746
Mobvista,App_Generic,8342_b03529f90969b63a,2016-04-22,android,202,0.3613861386,0.0742574257425743,0.143564356435644,0.113861386138614,0.0099009900990099,0.00495049504950495,0,0,0.014851485
InMobi,App_Native,1072,2016-04-22,android,491,0.9938900204,0.307535641547862,0.336048879837067,0.362525458248472,0.065173116089613,0.00814663951120163,0.00407331975560081,0,0.026476578
InMobi,App_Native,1090,2016-04-22,android,2245,0.961247216,0.316703786191537,0.471269487750557,0.443652561247216,0.0619153674832962,0.0138084632516704,0.00400890868596882,0,0.025389755
InMobi,App_Native,1447729376049436,2016-04-22,android,218,0.7155963303,0.298165137614679,0.44954128440367,0.527522935779816,0.0688073394495413,0.0275229357798165,0.00917431192660551,0,0.041284404
InMobi,App_Native,1452879973491727,2016-04-22,android,12269,0.8888254952,0.444290488222349,0.584644225283234,0.594832504686609,0.0988670633303448,0.0299127883283071,0.0111663542260983,0,0.055750265
InMobi,App_Native,1452880178577456,2016-04-22,ios,372,0.8924731183,0.551075268817204,0.75,0.64247311827957,0.21505376344086,0.0241935483870968,0.0241935483870968,1,0.056451613
InMobi,App_Native,1453932320649080,2016-04-22,android,215,0.8093023256,0.437209302325581,0.469767441860465,0.53953488372093,0.102325581395349,0.0232558139534884,0.0232558139534884,0,0.046511628
InMobi,App_Native,1453932492790355,2016-04-22,android,1586,0.816519546,0.438209331651955,0.528373266078184,0.5718789407314,0.103404791929382,0.0315258511979823,0.0170239596469105,0,0.051702396
InMobi,App_Native,3563,2016-04-22,android,1426,0.8232819074,0.328892005610098,0.374474053295933,0.384291725105189,0.0666199158485273,0.0140252454417952,0.00350631136044881,0,0.025946704
InMobi,App_Native,3745,2016-04-22,android,454,0.5374449339,0.204845814977974,0.233480176211454,0.240088105726872,0.0440528634361234,0.00881057268722467,0.0066079295154185,0,0.028634361
InMobi,App_Native,4125,2016-04-22,android,213,0.985915493,0.347417840375587,0.502347417840376,0.544600938967136,0.0938967136150235,0.0375586854460094,0.0187793427230047,0,0.056338028
InMobi,App_Native,{affiliate_id},2016-04-22,android,1139,0.7717295874,0.266022827041264,0.31694468832309,0.310798946444249,0.0491659350307287,0.00877963125548727,0.00526777875329236,0,0.016681299
IronSource,ID_App_Generic,CMC_PB43187,2016-04-22,android,228,0.9956140351,0.355263157894737,0.390350877192982,0.37719298245614,0.0526315789473684,0.0043859649122807,0,0,0.013157895
Motive,ID_App_Native,68332,2016-04-22,android,793,0.9936948298,0.508196721311475,0.60655737704918,0.621689785624212,0.113493064312736,0.0226986128625473,0.0151324085750315,0,0.04665826
BBM,ID_PaidAppInstall,SponsoredUpdate,2016-04-22,android,4895,0.3965270684,0.184065372829418,0.272931562819203,0.269867211440245,0.0449438202247191,0.0177732379979571,0.00367722165474974,0,0.04453524
BBM,ID_PaidAppInstall,SponsoredUpdate,2016-04-22,ios,647,0.7851622875,0.401854714064915,0.591962905718702,0.489953632148377,0.137557959814529,0.0231839258114374,0.0200927357032458,1,0.055641422
Mobvista SDK,ID_Traffic_Placement,441_6ae2e6c404abc284,2016-04-22,android,2088,0.6475095785,0.314655172413793,0.39367816091954,0.395593869731801,0.0761494252873563,0.0186781609195402,0.010536398467433,0,0.045977011
Mobvista SDK,ID_Traffic_Placement,441_93960d5fb44e9016,2016-04-22,android,403,0.5682382134,0.15136476426799,0.208436724565757,0.205955334987593,0.0421836228287841,0.0148883374689826,0.00744416873449132,0,0.029776675
Mobvista SDK,ID_Traffic_Placement,441_98be175f18ff1211,2016-04-22,android,1486,0.6164199192,0.337146702557201,0.333781965006729,0.368102288021534,0.0800807537012113,0.0100942126514132,0.00942126514131898,0,0.030955585
Mobvista SDK,ID_Traffic_Placement,441_dcacc2b04bdf831e,2016-04-22,android,462,0.9891774892,0.504329004329004,0.582251082251082,0.586580086580087,0.0952380952380952,0.0216450216450216,0.0216450216450216,0,0.036796537
Taptica,Traffic_Placement,1381228,2016-04-22,android,455,0.6879120879,0.342857142857143,0.4,0.4,0.0769230769230769,0.0153846153846154,0.0153846153846154,0,0.046153846
Taptica,Traffic_Placement,1476585,2016-04-22,android,874,0.9450800915,0.281464530892448,0.386727688787185,0.378718535469108,0.0732265446224256,0.0205949656750572,0.0091533180778032,0,0.029748284
Taptica,Traffic_Placement,861520,2016-04-22,android,1709,0.9122293739,0.278525453481568,0.454066705675834,0.386190754827384,0.0983031012287888,0.0152135751901697,0.00409596255119953,0,0.027501463
Glispa,Web_Generic,CD45173,2016-04-22,android,525,0.9580952381,0.15047619047619,0.453333333333333,0.312380952380952,0.0457142857142857,0.0114285714285714,0,0,0.00952381
Organic,0,0,2016-04-25,android,20531,0.9989771565,0.552238079002484,0.552189372168915,0.630997028883152,0.120305878914812,0.0264965174613998,0.0273245336320686,0,0.051434416
Organic,0,0,2016-04-25,ios,3856,0.9997406639,0.510632780082988,0.656379668049793,0.516856846473029,0.1475622406639,0.0246369294605809,0.0287863070539419,1,0.046939834
Saatchi,Android_MCSaatchi_ID_Jana,unknown,2016-04-25,android,268,0.9664179104,0.276119402985075,0.567164179104478,0.526119402985075,0.0522388059701493,0.00373134328358209,0.00373134328358209,0,0.01119403
IronSource,App_Generic,0,2016-04-25,android,683,0.7364568082,0.181551976573939,0.36896046852123,0.292825768667643,0.0571010248901903,0.0102489019033675,0.00732064421669107,0,0.020497804
Mobvista,App_Generic,441_6ae2e6c404abc284,2016-04-25,android,1441,0,0,0,0,0,0,0,0,0.025676613
Mobvista,App_Generic,441_9216ab2940fd8b81,2016-04-25,ios,940,0.6585106383,0.315957446808511,0.465957446808511,0.340425531914894,0.107446808510638,0.0191489361702128,0.00851063829787234,1,0.053191489
Mobvista,App_Generic,441_98be175f18ff1211,2016-04-25,android,1915,0.5420365535,0.310704960835509,0.30443864229765,0.356135770234987,0.0621409921671018,0.00731070496083551,0.00939947780678851,0,0.035509138
Mobvista,App_Generic,441_db31e0a485a2b6c7,2016-04-25,ios,248,0.560483871,0.282258064516129,0.391129032258065,0.290322580645161,0.0846774193548387,0.00806451612903226,0.0241935483870968,1,0.044354839
Mobvista,App_Generic,6404_895d69c5ed316358,2016-04-25,android,213,0.8779342723,0.314553990610329,0.483568075117371,0.427230046948357,0.164319248826291,0.0140845070422535,0.0140845070422535,0,0.046948357
Mobvista,App_Generic,6404_a9732767cb7d5f56,2016-04-25,android,203,0.8916256158,0.246305418719212,0.458128078817734,0.339901477832512,0.103448275862069,0.00492610837438424,0,0,0.014778325
Mobvista,App_Generic,6404_abdfab4488f20142,2016-04-25,android,208,0.8798076923,0.302884615384615,0.466346153846154,0.384615384615385,0.139423076923077,0.00480769230769231,0.00961538461538462,0,0.019230769
Mobvista,App_Generic,6404_e165ad5ea8e9c41c,2016-04-25,android,213,0.9061032864,0.286384976525822,0.474178403755869,0.39906103286385,0.117370892018779,0,0.0140845070422535,0,0.018779343
Mobvista,App_Generic,6404_eabf176351ca5098,2016-04-25,android,223,0.8968609865,0.327354260089686,0.484304932735426,0.417040358744395,0.15695067264574,0.00448430493273543,0.0179372197309417,0,0.031390135
InMobi,App_Native,1072,2016-04-25,android,225,1,0.333333333333333,0.386666666666667,0.373333333333333,0.0533333333333333,0.0222222222222222,0.00888888888888889,0,0.013333333
InMobi,App_Native,1090,2016-04-25,android,1854,0.9886731392,0.296116504854369,0.505393743257821,0.452535059331176,0.0577130528586839,0.00916936353829558,0.0075512405609493,0,0.021574973
InMobi,App_Native,1452879973491727,2016-04-25,android,7479,0.8685653162,0.460623077951598,0.585907206845835,0.606364487230913,0.1103088648215,0.0393100681909346,0.0128359406337746,0,0.066987565
InMobi,App_Native,1452880178577456,2016-04-25,ios,371,0.8544474394,0.409703504043127,0.671159029649596,0.514824797843666,0.121293800539084,0.0404312668463612,0.00539083557951483,1,0.061994609
InMobi,App_Native,1453932492790355,2016-04-25,android,1125,0.816,0.496888888888889,0.530666666666667,0.592888888888889,0.113777777777778,0.0373333333333333,0.0373333333333333,0,0.071111111
InMobi,App_Native,3563,2016-04-25,android,1318,0.8550834598,0.339150227617602,0.402124430955994,0.412746585735964,0.0796661608497724,0.0166919575113809,0.0144157814871017,0,0.037936267
InMobi,App_Native,3745,2016-04-25,android,456,0.5986842105,0.225877192982456,0.256578947368421,0.282894736842105,0.0526315789473684,0.0131578947368421,0.0087719298245614,0,0.041666667
InMobi,App_Native,{affiliate_id},2016-04-25,android,990,0.7585858586,0.266666666666667,0.304040404040404,0.311111111111111,0.0575757575757576,0.0131313131313131,0.00303030303030303,0,0.025252525
IronSource,ID_App_Generic,CMC_PB37482_49372,2016-04-25,android,323,0.9814241486,0.424148606811146,0.408668730650155,0.424148606811146,0.0712074303405573,0.0247678018575851,0.0123839009287926,0,0.040247678
Motive,ID_App_Native,68332,2016-04-25,android,410,0.9975609756,0.617073170731707,0.636585365853659,0.663414634146341,0.121951219512195,0.0439024390243902,0.0146341463414634,0,0.065853659
BBM,ID_PaidAppInstall,SponsoredUpdate,2016-04-25,android,4374,0.3166438043,0.141289437585734,0.209419295839049,0.196616369455876,0.032235939643347,0.010745313214449,0.00205761316872428,0,0.030635574
BBM,ID_PaidAppInstall,SponsoredUpdate,2016-04-25,ios,439,0.7562642369,0.41002277904328,0.596810933940774,0.451025056947608,0.134396355353075,0.0136674259681093,0.0136674259681093,1,0.041002278
Mobvista SDK,ID_Traffic_Placement,441_6ae2e6c404abc284,2016-04-25,android,1522,0.573587385,0.312746386333771,0.350197109067017,0.378449408672799,0.0703022339027595,0.026281208935611,0.0197109067017083,0,0.048620237
Mobvista SDK,ID_Traffic_Placement,441_93960d5fb44e9016,2016-04-25,android,258,0.5,0.186046511627907,0.209302325581395,0.22093023255814,0.0426356589147287,0.00387596899224806,0,0,0.019379845
Mobvista SDK,ID_Traffic_Placement,441_98be175f18ff1211,2016-04-25,android,871,0.5177956372,0.282433983926521,0.30195177956372,0.352468427095293,0.0780711825487945,0.0183696900114811,0.0160734787600459,0,0.045924225
Mobvista SDK,ID_Traffic_Placement,441_dcacc2b04bdf831e,2016-04-25,android,238,0.987394958,0.512605042016807,0.609243697478992,0.588235294117647,0.113445378151261,0.0378151260504202,0.00420168067226891,0,0.06302521
Taptica,Traffic_Placement,1381228,2016-04-25,android,285,0.4596491228,0.235087719298246,0.259649122807018,0.27719298245614,0.056140350877193,0.0105263157894737,0.0210526315789474,0,0.021052632
Taptica,Traffic_Placement,1476585,2016-04-25,android,527,0.9772296015,0.269449715370019,0.337760910815939,0.362428842504744,0.0721062618595825,0.0132827324478178,0.00569259962049336,0,0.013282732
Taptica,Traffic_Placement,861520,2016-04-25,android,1208,0.928807947,0.285596026490066,0.471854304635762,0.399834437086093,0.0827814569536424,0.0240066225165563,0.00165562913907285,0,0.031456954
Glispa,Web_Generic,CD45173,2016-04-25,android,252,1,0.170634920634921,0.476190476190476,0.345238095238095,0.0396825396825397,0.0158730158730159,0.00793650793650794,0,0.027777778
Organic,0,0,2016-04-28,android,20813,0.9985585932,0.570941238648921,0.557680295968866,0.651083457454476,0.122615672896747,0.0296449334550521,0.0307980589054918,0,0.050449238
Organic,0,0,2016-04-28,ios,3484,1,0.512055109070034,0.670206659012629,0.52353616532721,0.145235361653272,0.0203788748564868,0.0307118254879449,1,0.043340987
Saatchi,Android_MCSaatchi_ID_Appcoach,15_,2016-04-28,android,264,0.9696969697,0.636363636363636,0.643939393939394,0.765151515151515,0.166666666666667,0.0340909090909091,0.0303030303030303,0,0.053030303
Saatchi,Android_MCSaatchi_ID_Appia,unknown,2016-04-28,android,200,1,0.52,0.485,0.55,0.08,0.035,0.005,0,0.06
Saatchi,Android_MCSaatchi_ID_Jana,unknown,2016-04-28,android,285,0.9894736842,0.182456140350877,0.375438596491228,0.326315789473684,0.0456140350877193,0.00701754385964912,0.00350877192982456,0,0.014035088
IronSource,App_Generic,0,2016-04-28,android,499,0.6533066132,0.176352705410822,0.32064128256513,0.272545090180361,0.0601202404809619,0.00400801603206413,0.00601202404809619,0,0.028056112
Mobvista,App_Generic,441_6ae2e6c404abc284,2016-04-28,android,1718,0.0133876601,0.00465657741559953,0.00756693830034924,0.0069848661233993,0.000582072176949942,0.000582072176949942,0,0,0.027939464
Mobvista,App_Generic,441_9216ab2940fd8b81,2016-04-28,ios,681,0.7635829662,0.439060205580029,0.568281938325991,0.449339207048458,0.114537444933921,0.0220264317180617,0.0161527165932452,1,0.041116006
Mobvista,App_Generic,441_93960d5fb44e9016,2016-04-28,android,235,0.3276595745,0.0936170212765957,0.119148936170213,0.127659574468085,0.0170212765957447,0,0,0,0.034042553
Mobvista,App_Generic,441_98be175f18ff1211,2016-04-28,android,1572,0.4058524173,0.246819338422392,0.2264631043257,0.271628498727735,0.0470737913486005,0.00699745547073791,0.0114503816793893,0,0.024173028
Mobvista,App_Generic,441_db31e0a485a2b6c7,2016-04-28,ios,251,0.6494023904,0.346613545816733,0.406374501992032,0.294820717131474,0.0796812749003984,0.0199203187250996,0.00398406374501992,1,0.039840637
InMobi,App_Native,1452879973491727,2016-04-28,android,5956,0.8282404298,0.435862995298858,0.586299529885829,0.595701813297515,0.116017461383479,0.0392881128274009,0.014607118871726,0,0.065815984
InMobi,App_Native,1452880178577456,2016-04-28,ios,463,0.8660907127,0.464362850971922,0.701943844492441,0.58963282937365,0.159827213822894,0.0345572354211663,0.0151187904967603,1,0.075593952
InMobi,App_Native,1453932492790355,2016-04-28,android,1052,0.7585551331,0.431558935361217,0.476235741444867,0.561787072243346,0.102661596958175,0.0275665399239544,0.0161596958174905,0,0.049429658
InMobi,App_Native,3563,2016-04-28,android,1415,0.9342756184,0.404946996466431,0.452296819787986,0.462897526501767,0.0925795053003534,0.0162544169611307,0.0120141342756184,0,0.034628975
InMobi,App_Native,3745,2016-04-28,android,429,0.7738927739,0.275058275058275,0.324009324009324,0.321678321678322,0.0559440559440559,0.0163170163170163,0.00233100233100233,0,0.044289044
InMobi,App_Native,{affiliate_id},2016-04-28,android,452,0.1592920354,0.0597345132743363,0.0619469026548673,0.0619469026548673,0.0199115044247788,0.00221238938053097,0.00221238938053097,0,0.008849558
InMobi,App_Native_Inttest,1452879973491727,2016-04-28,android,221,0,0,0,0,0,0,0,0,0.018099548
IronSource,ID_App_Generic,CMC_PB37482_49372,2016-04-28,android,322,0.9689440994,0.503105590062112,0.481366459627329,0.524844720496894,0.0869565217391304,0.0372670807453416,0.0062111801242236,0,0.040372671
BBM,ID_PaidAppInstall,SponsoredUpdate,2016-04-28,android,4277,0.2265606734,0.0956277764788403,0.13911620294599,0.137713350479308,0.022211830722469,0.00724807107785831,0.00233808744447042,0,0.035071312
BBM,ID_PaidAppInstall,SponsoredUpdate,2016-04-28,ios,285,0.5298245614,0.263157894736842,0.382456140350877,0.298245614035088,0.0771929824561404,0.0210526315789474,0.00350877192982456,1,0.045614035
Mobvista SDK,ID_Traffic_Placement,441_6ae2e6c404abc284,2016-04-28,android,1194,0.3274706868,0.181742043551089,0.210217755443886,0.218592964824121,0.033500837520938,0.0100502512562814,0.00753768844221105,0,0.036850921
Mobvista SDK,ID_Traffic_Placement,441_98be175f18ff1211,2016-04-28,android,737,0.2252374491,0.14246947082768,0.128900949796472,0.150610583446404,0.0298507462686567,0.00407055630936228,0.00814111261872456,0,0.029850746
Taptica,Traffic_Placement,1296739,2016-04-28,android,279,1,0.620071684587814,0.652329749103943,0.695340501792115,0.118279569892473,0.03584229390681,0.032258064516129,0,0.050179211
Taptica,Traffic_Placement,1381228,2016-04-28,android,320,0.534375,0.246875,0.275,0.2875,0.0625,0.0125,0.0125,0,0.021875
Taptica,Traffic_Placement,861520,2016-04-28,android,1029,0.9339164237,0.27891156462585,0.417881438289602,0.373177842565598,0.0932944606413994,0.0204081632653061,0.00777453838678328,0,0.03595724
